<?xml version="1.0"?>
<project>
  <extend>../xdocs/maven/project-base.xml</extend>
  <id>commons-primitives</id>
  <name>Commons Primitives</name>
  <currentVersion>1.0</currentVersion>
  <inceptionYear>2002</inceptionYear>

  <package>org.apache.commons.collections.primitives</package>
  <url>http://jakarta.apache.org/commons/primitives/index.html</url>
  
  <mailingLists>
    <mailingList>
      <name>Commons Dev List</name>
      <subscribe>commons-dev-subscribe@jakarta.apache.org</subscribe>
      <unsubscribe>commons-dev-unsubscribe@jakarta.apache.org</unsubscribe>
      <archive>http://nagoya.apache.org/eyebrowse/SummarizeList?listName=commons-dev@jakarta.apache.org</archive>
    </mailingList>
    <mailingList>
      <name>Commons User List</name>
      <subscribe>commons-user-subscribe@jakarta.apache.org</subscribe>
      <unsubscribe>commons-user-unsubscribe@jakarta.apache.org</unsubscribe>
      <archive>http://nagoya.apache.org/eyebrowse/SummarizeList?listName=commons-user@jakarta.apache.org</archive>
    </mailingList>
  </mailingLists>


  <description>
    Commons Primitives is a set of collection and utility classes for primitive types.
    The Java language has a clear distinction between Object and primitive types.
    A lot of functionality is provided for Object types, including the Java Collection Framework.
    Relatively little functionality is provided by the JDK for primitives.
    This package addresses this by providing a set of utility and collection classes for primitives.
  </description>

  <shortDescription>Apache Jakarta Commons Primitives</shortDescription>

  <developers>
    <developer>
      <name>Stephen Colebourne</name>
      <id>scolebourne</id>
      <email>scolebourne@apache.org</email>
    </developer>
    <developer>
      <name>Rodney Waldhoff</name>
      <id>rwaldhoff</id>
      <email>rwaldhoff@apache.org</email>
    </developer>
    <developer>
      <name>Matthew Hawthorne</name>
      <id>matth</id>
      <email>matth@apache.org</email>
    </developer>
  </developers>

  <contributors>
  </contributors>

  <dependencies>
    <!-- compile time dependencies -->
    <dependency>
      <id>junit</id>
      <version>3.8.1</version>
      <url>http://www.junit.org/</url>
    </dependency>
    <dependency>
      <id>commons-collections:commons-collections-testframework</id>
      <version>SNAPSHOT</version>
      <url>http://jakarta.apache.org/commons/collections/</url>
    </dependency>

    <!-- run time dependencies -->
    <!-- none currently -->
    
    <!-- maven dependencies -->
    <dependency>
      <id>jdepend</id>
      <version>2.5</version>
    </dependency>
    
    
  </dependencies>

  <build>
    <sourceDirectory>src/java</sourceDirectory>
    <unitTest>
      <includes>
        <include>org/apache/commons/collections/primitives/AllTestSuite.java</include>
      </includes>
    </unitTest>
  </build>

</project>

